source,nb_offres,pourcentage
France Travail,17915,98.45029400450623
HelloWork,202,1.1100730889707093
Emploi Territorial,80,0.43963290652305326
